IMSLP00001,1
IMSLP00005,5
IMSLP00006,6
IMSLP00017,17
IMSLP00019,19
IMSLP00020,20
IMSLP00024,24
IMSLP00025,25
IMSLP00027,27
IMSLP02412,5
IMSLP03030,6
IMSLP03165,17
IMSLP03185,25
IMSLP03796,1
IMSLP03858,5
IMSLP03859,6
IMSLP04074,17
IMSLP04073,19
IMSLP04075,20
IMSLP04081,25
IMSLP04090,27
IMSLP05524,1
IMSLP05543,17
IMSLP05545,19
IMSLP05546,20
IMSLP05551,25
IMSLP05553,27
IMSLP27752,1
IMSLP45370,19
IMSLP45469,20
IMSLP51707,1
IMSLP51714,5
IMSLP51715,6
IMSLP51737,17
IMSLP51743,19
IMSLP51745,20
IMSLP51797,25
IMSLP51799,27
IMSLP66279,1
IMSLP66390,1
IMSLP66394,5
IMSLP66395,6
IMSLP66406,17
IMSLP66408,19
IMSLP66410,20
IMSLP66414,25
IMSLP66416,27
IMSLP68715,5
IMSLP68719,6
IMSLP69579,17
IMSLP69581,19
IMSLP69582,20
IMSLP69588,25
IMSLP69590,27
IMSLP77993,1
IMSLP90564,1
IMSLP243106,1
IMSLP243114,5
IMSLP243121,6
IMSLP345618,19
